{"schema": 1713452049576, "derHash": "oqF8kqq4Fl0QgskixUH4as2y1pHWRb27HJ1l7c1dVt8=", "subject": "CN=GlobalSign Atlas R46 EV TLS CA 2024 Q3,O=GlobalSign nv-sa,C=BE", "subjectDN": "MFkxCzAJBgNVBAYTAkJFMRkwFwYDVQQKExBHbG9iYWxTaWduIG52LXNhMS8wLQYDVQQDEyZHbG9iYWxTaWduIEF0bGFzIFI0NiBFViBUTFMgQ0EgMjAyNCBRMw==", "whitelist": false, "attachment": {"hash": "b348a1d1629319d3e46741e6878505d385781048770c0044490e0437c8cbdb73", "size": 2345, "filename": "PnZ4Yd0ARy1OzpGnDld1Iw22M13JQRYfZvRpmjPPkZY=.pem", "location": "security-state-staging/intermediates/afdfaef1-07f5-4e41-821b-f0a28065f271.pem", "mimetype": "application/x-pem-file"}, "pubKeyHash": "PnZ4Yd0ARy1OzpGnDld1Iw22M13JQRYfZvRpmjPPkZY=", "crlite_enrolled": false, "id": "0d5db210-869d-4d82-91a3-944f584b4137", "last_modified": 1713452223294}