{"schema": 1702979282838, "derHash": "gSwhLp5F3FAFx/R0ERg/X7L/G67hhNM1Sy6T14woAWQ=", "subject": "CN=AE1,O=Google Trust Services,C=US", "subjectDN": "MDsxCzAJBgNVBAYTAlVTMR4wHAYDVQQKExVHb29nbGUgVHJ1c3QgU2VydmljZXMxDDAKBgNVBAMTA0FFMQ==", "whitelist": false, "attachment": {"hash": "45a0fe1e15d4882a45910bffd62beab210d7ea87b00bbe4244ef70c872784700", "size": 955, "filename": "IGnQeIPjbxiR-JteR7AkUXl7pV-19BT4x3o15saZBNE=.pem", "location": "security-state-staging/intermediates/fa74b311-65fe-4ff6-ab38-73f631970478.pem", "mimetype": "application/x-pem-file"}, "pubKeyHash": "IGnQeIPjbxiR+JteR7AkUXl7pV+19BT4x3o15saZBNE=", "crlite_enrolled": false, "id": "1100d9a6-f856-4661-8965-1420202593f3", "last_modified": 1702979823391}