{"schema": 1710557647597, "derHash": "WR6c5shj06B56fq+FHjHM5omshJp3eeVIRNhAkrjGkQ=", "subject": "CN=R11,O=Let's Encrypt,C=US", "subjectDN": "MDMxCzAJBgNVBAYTAlVTMRYwFAYDVQQKEw1MZXQncyBFbmNyeXB0MQwwCgYDVQQDEwNSMTE=", "whitelist": false, "attachment": {"hash": "4015249779032694e5dd8f5c9dd09836a0d664d07ad96267ab63effc1b4df6e1", "size": 1800, "filename": "bdrBhpj38ffhxpubzkINl0rG-UyossdhcBYj-Zx2fcc=.pem", "location": "security-state-staging/intermediates/9b0f44f1-8d97-453b-812d-f86c94550ee8.pem", "mimetype": "application/x-pem-file"}, "pubKeyHash": "bdrBhpj38ffhxpubzkINl0rG+UyossdhcBYj+Zx2fcc=", "crlite_enrolled": false, "id": "167f2ab2-d72b-467d-a4ae-5a77eb903142", "last_modified": 1710557823233}