{"schema": 1710946446035, "derHash": "8DZVz+hbOj8q8v03yrnqKDs6KKm2FX/pvrdcF8BhGzo=", "subject": "CN=Keysec GR3 DV TLS CA 2024,O=KEYSEC LTDA,C=BR", "subjectDN": "MEcxCzAJBgNVBAYTAkJSMRQwEgYDVQQKEwtLRVlTRUMgTFREQTEiMCAGA1UEAxMZS2V5c2VjIEdSMyBEViBUTFMgQ0EgMjAyNA==", "whitelist": false, "attachment": {"hash": "fe495e9179292f67d50ca37e6347b3171d4a7cc6716d0ce1b782e000cedf5097", "size": 1618, "filename": "re4iHDQVFeEgZFfakl2IhF85P-DgLTbzfOV36u4F3FU=.pem", "location": "security-state-staging/intermediates/3df9d148-6d1d-494e-8f77-d641a7d78124.pem", "mimetype": "application/x-pem-file"}, "pubKeyHash": "re4iHDQVFeEgZFfakl2IhF85P+DgLTbzfOV36u4F3FU=", "crlite_enrolled": false, "id": "244051c7-07f4-4e57-9854-ab624aa55021", "last_modified": 1710946623378}