{"schema": 1704923283383, "derHash": "v6lcXfFktln6MvbRBWTXFw3eZhqFOnguarY2OUM7y0E=", "subject": "CN=UCA Global G2 Root,O=UniTrust,C=CN", "subjectDN": "MD0xCzAJBgNVBAYTAkNOMREwDwYDVQQKDAhVbmlUcnVzdDEbMBkGA1UEAwwSVUNBIEdsb2JhbCBHMiBSb290", "whitelist": false, "attachment": {"hash": "5ceff937d1bce8a64fe718857c73f61b29830a24d45ac36cee4de5abec869491", "size": 2040, "filename": "ElXKvoFS-mTflC96R0F-KflsHOEb-MhOy-KBXMEoCBA=.pem", "location": "security-state-staging/intermediates/7cd0dd1c-50ff-4045-8d42-130c062d2dff.pem", "mimetype": "application/x-pem-file"}, "pubKeyHash": "ElXKvoFS+mTflC96R0F+KflsHOEb+MhOy+KBXMEoCBA=", "crlite_enrolled": false, "id": "2c1748b7-38bf-4495-91ea-1bd4dc918672", "last_modified": 1704923823505}