{"schema": 1709322860517, "derHash": "mm/Eq02x6m9mY1B+3B0Ajwka6I+rbzrlaoSkCQUp71g=", "subject": "CN=Telekom Security EV RSA CA 23,O=Deutsche Telekom Security GmbH,C=DE", "subjectDN": "MF4xCzAJBgNVBAYTAkRFMScwJQYDVQQKDB5EZXV0c2NoZSBUZWxla29tIFNlY3VyaXR5IEdtYkgxJjAkBgNVBAMMHVRlbGVrb20gU2VjdXJpdHkgRVYgUlNBIENBIDIz", "whitelist": false, "attachment": {"hash": "5a3bc003f09d44a9bff3a566fbb608a3615298fe57e81f80753e9ebb01cd61d0", "size": 2463, "filename": "KsE3RzpShimShZDxrrUx8vMnCMdGFk9o00YoUm8hq1Y=.pem", "location": "security-state-staging/intermediates/c196ecd0-2b07-4708-adc4-b44bbf006d56.pem", "mimetype": "application/x-pem-file"}, "pubKeyHash": "KsE3RzpShimShZDxrrUx8vMnCMdGFk9o00YoUm8hq1Y=", "crlite_enrolled": false, "id": "63278116-4a77-4a8d-830b-2d7766217557", "last_modified": 1709323057656}