{"schema": 1709322858581, "derHash": "ofN4S+qZZBNozTVcHkWvLeMVdHMTmuhqHsUV4gMabD8=", "subject": "CN=cPanel RSA Domain Validation Secure Server CA 3,O=cPanel\\, LLC,C=US", "subjectDN": "MF0xCzAJBgNVBAYTAlVTMRQwEgYDVQQKEwtjUGFuZWwsIExMQzE4MDYGA1UEAxMvY1BhbmVsIFJTQSBEb21haW4gVmFsaWRhdGlvbiBTZWN1cmUgU2VydmVyIENBIDM=", "whitelist": false, "attachment": {"hash": "6b080a2a80781e71ae161fbe4fff3ba30970e406aeb5c28c3bd1fe0613fdb7cc", "size": 2227, "filename": "1s-ZmXiKh7-UASkQQs1U4zOhS4YqerP9kEO5w54wsbw=.pem", "location": "security-state-staging/intermediates/a5842fa3-5423-4b6e-90b9-5a4fc110a319.pem", "mimetype": "application/x-pem-file"}, "pubKeyHash": "1s+ZmXiKh7+UASkQQs1U4zOhS4YqerP9kEO5w54wsbw=", "crlite_enrolled": false, "id": "6435e6ca-cabc-415c-8a36-8afbecb70b12", "last_modified": 1709323057644}