{"schema": 1702979282537, "derHash": "0Ml+VsewuoEtlErXcfd5m11BRKIyek5BZVT37iqgrq4=", "subject": "CN=WE4,O=Google Trust Services,C=US", "subjectDN": "MDsxCzAJBgNVBAYTAlVTMR4wHAYDVQQKExVHb29nbGUgVHJ1c3QgU2VydmljZXMxDDAKBgNVBAMTA1dFNA==", "whitelist": false, "attachment": {"hash": "88a0f8993576590f88eb47c537e02214b477c44580eb23ac4233563fbc8833bb", "size": 968, "filename": "O5TQDB_wa4SkRjBrQL2Aq9CG317H9MDDgpTVcrpJDa4=.pem", "location": "security-state-staging/intermediates/907554ce-bf54-4a19-8a6e-15fe19e6bb1c.pem", "mimetype": "application/x-pem-file"}, "pubKeyHash": "O5TQDB/wa4SkRjBrQL2Aq9CG317H9MDDgpTVcrpJDa4=", "crlite_enrolled": false, "id": "6585b4ef-414a-4d88-a7db-3912f1c07563", "last_modified": 1702979823396}