{"schema": 1710557649732, "derHash": "JNRaqbjWBT0oHzhCyMwMbBr3zN/ULdXBL2p0+pMj96I=", "subject": "CN=R14,O=Let's Encrypt,C=US", "subjectDN": "MDMxCzAJBgNVBAYTAlVTMRYwFAYDVQQKEw1MZXQncyBFbmNyeXB0MQwwCgYDVQQDEwNSMTQ=", "whitelist": false, "attachment": {"hash": "4bf1193ec7761636410d2f274e618ad669f85b537c9c5b1a93f3e84bd76ad96b", "size": 1800, "filename": "8WR6XuPvrFTIkukwWE_keXm3rNHHbBJxvKHFB22GmIg=.pem", "location": "security-state-staging/intermediates/7e6c46a5-df71-419d-ada0-694612e63c1d.pem", "mimetype": "application/x-pem-file"}, "pubKeyHash": "8WR6XuPvrFTIkukwWE/keXm3rNHHbBJxvKHFB22GmIg=", "crlite_enrolled": false, "id": "69343a2a-10ab-428d-9412-9a7986910578", "last_modified": 1710557823219}