{"schema": 1709322855622, "derHash": "Jk2YC0i7HaMvuxR7gQQ0RaxMhWOVlLoVrZoriDai2sA=", "subject": "CN=TrustSign BR RSA DV SSL CA 3,O=TrustSign Certificadora Dig. & Solucoes Seguranca da Inf. Ltda.,C=BR", "subjectDN": "MH4xCzAJBgNVBAYTAkJSMUgwRgYDVQQKDD9UcnVzdFNpZ24gQ2VydGlmaWNhZG9yYSBEaWcuICYgU29sdWNvZXMgU2VndXJhbmNhIGRhIEluZi4gTHRkYS4xJTAjBgNVBAMTHFRydXN0U2lnbiBCUiBSU0EgRFYgU1NMIENBIDM=", "whitelist": false, "attachment": {"hash": "27dacc48d530261d12816b8afab129e30ad60c13ca68d8ab480e84fd376aeedc", "size": 2316, "filename": "84TjjwMOkswfNmR4vhxNna7mdofPfiyWViNPR3qjzL8=.pem", "location": "security-state-staging/intermediates/1b06b71c-6ace-446e-aac0-2d4fb31bfe45.pem", "mimetype": "application/x-pem-file"}, "pubKeyHash": "84TjjwMOkswfNmR4vhxNna7mdofPfiyWViNPR3qjzL8=", "crlite_enrolled": false, "id": "6cd1a68d-ab85-4064-856c-0fdab449d7bf", "last_modified": 1709323057615}