{"schema": 1702979286308, "derHash": "hHQJ5jUm8WJ1OsSfdSGO+q+n1clK3pCVznLn9rbjrJk=", "subject": "CN=WE5,O=Google Trust Services,C=US", "subjectDN": "MDsxCzAJBgNVBAYTAlVTMR4wHAYDVQQKExVHb29nbGUgVHJ1c3QgU2VydmljZXMxDDAKBgNVBAMTA1dFNQ==", "whitelist": false, "attachment": {"hash": "66a4d320985f57419f1d552144985648eced68840b7963cc0127e86b68ec7423", "size": 968, "filename": "8yZxLgpR8EbO8ANRrWKAzIzz9XdlSUgtYPkXKYUlGSY=.pem", "location": "security-state-staging/intermediates/edf802d5-2d08-4318-97fa-19954fb14b9e.pem", "mimetype": "application/x-pem-file"}, "pubKeyHash": "8yZxLgpR8EbO8ANRrWKAzIzz9XdlSUgtYPkXKYUlGSY=", "crlite_enrolled": false, "id": "78aa678c-c514-489b-a47f-d976a279011a", "last_modified": 1702979823409}