{"schema": 1704923284170, "derHash": "u2FAiu2fUwsuwFReU7osjr6qV9mXZEfbFmPO1GAM1rc=", "subject": "CN=UCA Global G2 Root,O=UniTrust,C=CN", "subjectDN": "MD0xCzAJBgNVBAYTAkNOMREwDwYDVQQKDAhVbmlUcnVzdDEbMBkGA1UEAwwSVUNBIEdsb2JhbCBHMiBSb290", "whitelist": false, "attachment": {"hash": "8693b94fe853c85475023fa8be1792fd1f0f41c726cf590ac632829608d32dc3", "size": 2036, "filename": "ElXKvoFS-mTflC96R0F-KflsHOEb-MhOy-KBXMEoCBA=.pem", "location": "security-state-staging/intermediates/f56c76d7-ae95-4ac4-9562-15e370ee8355.pem", "mimetype": "application/x-pem-file"}, "pubKeyHash": "ElXKvoFS+mTflC96R0F+KflsHOEb+MhOy+KBXMEoCBA=", "crlite_enrolled": false, "id": "8a3e5d82-5ae8-4e51-a5db-6b86500b155e", "last_modified": 1704923823508}