{"schema": 1705503185156, "derHash": "0+cioFIOcvdW/em93z1WSfaoWkDKvcyTf3dwCnxF4vw=", "subject": "CN=GlobalSign Atlas ECCR5 DV TLS CA 2024 Q2,O=GlobalSign nv-sa,C=BE", "subjectDN": "MFsxCzAJBgNVBAYTAkJFMRkwFwYDVQQKExBHbG9iYWxTaWduIG52LXNhMTEwLwYDVQQDEyhHbG9iYWxTaWduIEF0bGFzIEVDQ1I1IERWIFRMUyBDQSAyMDI0IFEy", "whitelist": false, "attachment": {"hash": "0a96038c9db62e0ed417b812459719d29b8655948ad62ac1a47684eab7e06c9a", "size": 1199, "filename": "2L1kc7V6u1WOJipF5zt2aOWEIvM_mpQgRFouJxsVPqM=.pem", "location": "security-state-staging/intermediates/4d0c782c-a2d9-401c-a679-dbde994e9764.pem", "mimetype": "application/x-pem-file"}, "pubKeyHash": "2L1kc7V6u1WOJipF5zt2aOWEIvM/mpQgRFouJxsVPqM=", "crlite_enrolled": false, "id": "8d4f98e5-d355-45af-b9b0-c7fa7664889f", "last_modified": 1705503423149}