{"schema": 1713452051802, "derHash": "pYQF9kGgq8EXMsANNadI870PUoFDN6aYDThd483gSzo=", "subject": "CN=GlobalSign Atlas R3 AlphaSSL CA 2024 Q3,O=GlobalSign nv-sa,C=BE", "subjectDN": "MFoxCzAJBgNVBAYTAkJFMRkwFwYDVQQKExBHbG9iYWxTaWduIG52LXNhMTAwLgYDVQQDEydHbG9iYWxTaWduIEF0bGFzIFIzIEFscGhhU1NMIENBIDIwMjQgUTM=", "whitelist": false, "attachment": {"hash": "df89bae8f377c3eb0387d8f4c3caa1a66d5d81216b624bfa4f9a108029b20f69", "size": 1646, "filename": "BuoLHGbIs4O5asWIShpYPo0M63hKKDQVqf4405uAzrE=.pem", "location": "security-state-staging/intermediates/cb49a613-0017-47ec-91a5-e04609b1e5a6.pem", "mimetype": "application/x-pem-file"}, "pubKeyHash": "BuoLHGbIs4O5asWIShpYPo0M63hKKDQVqf4405uAzrE=", "crlite_enrolled": false, "id": "9f7111b4-d5c8-4d37-8e7b-28f498506965", "last_modified": 1713452223313}