{"schema": 1702979286002, "derHash": "3JQWwvhVEm1t6XdndTjy+Wf/SZjpDfpDWhchm+B3/AY=", "subject": "CN=WR4,O=Google Trust Services,C=US", "subjectDN": "MDsxCzAJBgNVBAYTAlVTMR4wHAYDVQQKExVHb29nbGUgVHJ1c3QgU2VydmljZXMxDDAKBgNVBAMTA1dSNA==", "whitelist": false, "attachment": {"hash": "b9f64d659c6ad34b11345bc2d9a597d09b957f0f544c43f9f280e97de8f1f453", "size": 1808, "filename": "hZe1OerqJ1Pnq6F4N0gVjjpHqm037Ndf4aLLVpZZdAE=.pem", "location": "security-state-staging/intermediates/e3958311-921c-432d-9c6d-8965c6365f95.pem", "mimetype": "application/x-pem-file"}, "pubKeyHash": "hZe1OerqJ1Pnq6F4N0gVjjpHqm037Ndf4aLLVpZZdAE=", "crlite_enrolled": false, "id": "a4bda45a-5b5d-4254-ad27-c56b8a3484ae", "last_modified": 1702979823406}