{"schema": 1709322861611, "derHash": "79BmhAYTDkM4LOre67F+YlzXf1KOKI6L7a6xQuGbzgI=", "subject": "CN=CloudSecure RSA Domain Validation Secure Server CA 2,O=CloudSecure Corporation,C=JP", "subjectDN": "MG4xCzAJBgNVBAYTAkpQMSAwHgYDVQQKExdDbG91ZFNlY3VyZSBDb3Jwb3JhdGlvbjE9MDsGA1UEAxM0Q2xvdWRTZWN1cmUgUlNBIERvbWFpbiBWYWxpZGF0aW9uIFNlY3VyZSBTZXJ2ZXIgQ0EgMg==", "whitelist": false, "attachment": {"hash": "fb2121b1bc1d493d64cc748ec193beeffd50410766565c2f7d3c188672d62b2f", "size": 2296, "filename": "ngVpmshTjI2mGNZdkmE0BseYAQxwUyN7hAFExDPDwsg=.pem", "location": "security-state-staging/intermediates/3928980f-322a-4b2f-a6d4-060445ac1799.pem", "mimetype": "application/x-pem-file"}, "pubKeyHash": "ngVpmshTjI2mGNZdkmE0BseYAQxwUyN7hAFExDPDwsg=", "crlite_enrolled": false, "id": "a66aa7c5-abb2-49b5-b693-66dd992c24ab", "last_modified": 1709323057665}