{"schema": 1705503183024, "derHash": "DmxS8W/05adTLvOad2cpnw4oTMLGtkcTwfuoggmMXfU=", "subject": "CN=GlobalSign Atlas ECCR5 OV ACME CA 2024 Q2,O=GlobalSign nv-sa,C=BE", "subjectDN": "MFwxCzAJBgNVBAYTAkJFMRkwFwYDVQQKExBHbG9iYWxTaWduIG52LXNhMTIwMAYDVQQDEylHbG9iYWxTaWduIEF0bGFzIEVDQ1I1IE9WIEFDTUUgQ0EgMjAyNCBRMg==", "whitelist": false, "attachment": {"hash": "d3bbde30e424be7fa55d0b64376efcd2c0b7e91ad4bb18e37d73a9039d1ccdc0", "size": 1199, "filename": "mwOXezCyOlYUkGDPtQ1qCaweeHsWLUN-TwW2E3CCkX0=.pem", "location": "security-state-staging/intermediates/20e730f2-8925-4c16-ab19-78935db805dd.pem", "mimetype": "application/x-pem-file"}, "pubKeyHash": "mwOXezCyOlYUkGDPtQ1qCaweeHsWLUN+TwW2E3CCkX0=", "crlite_enrolled": false, "id": "b48c7f1b-a756-4e92-83e4-e6f07074f699", "last_modified": 1705503423134}