{"schema": 1702979285679, "derHash": "oof/q3Ysxpom1IIDft9wH2U86JkCXGKn5cuIu5tBnLs=", "subject": "CN=WE1,O=Google Trust Services,C=US", "subjectDN": "MDsxCzAJBgNVBAYTAlVTMR4wHAYDVQQKExVHb29nbGUgVHJ1c3QgU2VydmljZXMxDDAKBgNVBAMTA1dFMQ==", "whitelist": false, "attachment": {"hash": "76c8cd346304c20236963ef1d9a2632cb775d29be521315f940c7feb5b819428", "size": 947, "filename": "kIdp6NNEd8wsugYyyIYFsi1ylMCED3hZbSR8ZFsa_A4=.pem", "location": "security-state-staging/intermediates/44091d85-b3e1-4a45-93b7-40094d3626b7.pem", "mimetype": "application/x-pem-file"}, "pubKeyHash": "kIdp6NNEd8wsugYyyIYFsi1ylMCED3hZbSR8ZFsa/A4=", "crlite_enrolled": false, "id": "b92b92e1-4d03-41fb-aea8-2ac1f6ccba1f", "last_modified": 1702979823398}