{"schema": 1705503183372, "derHash": "kd3cuVyCWFo9hkX2Zc57i2BlafaUHTO9ndozil721MI=", "subject": "CN=GlobalSign Atlas R6 EV TLS CA 2024 Q2,O=GlobalSign nv-sa,C=BE", "subjectDN": "MFgxCzAJBgNVBAYTAkJFMRkwFwYDVQQKExBHbG9iYWxTaWduIG52LXNhMS4wLAYDVQQDEyVHbG9iYWxTaWduIEF0bGFzIFI2IEVWIFRMUyBDQSAyMDI0IFEy", "whitelist": false, "attachment": {"hash": "414b7347871b9c265c22269427a1dd2358873f023cf2bdd96bf3935afdb4db31", "size": 2353, "filename": "8YpzQ5_S0kZObvnXnzFciK6491At9Pgmj8U9tMfTfLU=.pem", "location": "security-state-staging/intermediates/935f48c1-a48e-4ce1-8733-b31354e1edba.pem", "mimetype": "application/x-pem-file"}, "pubKeyHash": "8YpzQ5/S0kZObvnXnzFciK6491At9Pgmj8U9tMfTfLU=", "crlite_enrolled": false, "id": "ca348f59-2062-4859-b472-05d853b03fdc", "last_modified": 1705503423129}