{"schema": 1712310549107, "derHash": "G5AdVQpaUfZzcnnGAhRF8FG9KTAVYSpbqj+FiIKe5po=", "subject": "CN=JPRS DV ECC CA 2024 G1,O=Japan Registry Services Co.\\, Ltd.,C=JP", "subjectDN": "MFoxCzAJBgNVBAYTAkpQMSowKAYDVQQKEyFKYXBhbiBSZWdpc3RyeSBTZXJ2aWNlcyBDby4sIEx0ZC4xHzAdBgNVBAMTFkpQUlMgRFYgRUNDIENBIDIwMjQgRzE=", "whitelist": false, "attachment": {"hash": "3749489691bfad9b5833e7e64c622b11fa2a70217f4d99f59629a2e6e864a189", "size": 1284, "filename": "d7IsXA0lsOv-SgxZRrDbM-A_cNQoAtC0iZ2kRR58b5c=.pem", "location": "security-state-staging/intermediates/57cb9705-521a-4177-82fa-7c562bc5aef7.pem", "mimetype": "application/x-pem-file"}, "pubKeyHash": "d7IsXA0lsOv+SgxZRrDbM+A/cNQoAtC0iZ2kRR58b5c=", "crlite_enrolled": false, "id": "cc33f7ee-ac11-426c-9210-dd79e9bde3ae", "last_modified": 1712311023716}