{"schema": 1709780043992, "derHash": "6CGxESkRBWfxYH8LDzaOx42BFBjwxIzEJUUPY+uICV0=", "subject": "CN=Entrust 4K EV TLS Root CA - 2022,O=Entrust\\, Inc.,C=US", "subjectDN": "MFAxCzAJBgNVBAYTAlVTMRYwFAYDVQQKEw1FbnRydXN0LCBJbmMuMSkwJwYDVQQDEyBFbnRydXN0IDRLIEVWIFRMUyBSb290IENBIC0gMjAyMg==", "whitelist": false, "attachment": {"hash": "d5d1224d52aeeff3fa819a835cf5693d219ded634ea68df06af892a481a09373", "size": 2064, "filename": "qtbKnoRh2GMf_QeXEIiJfMm-n4sx1kgOUifxXyU-tyg=.pem", "location": "security-state-staging/intermediates/fc1a0f62-1577-4d38-b489-39b75b9303a4.pem", "mimetype": "application/x-pem-file"}, "pubKeyHash": "qtbKnoRh2GMf/QeXEIiJfMm+n4sx1kgOUifxXyU+tyg=", "crlite_enrolled": false, "id": "e2798fee-994b-49ad-bcb5-9fad36b266bf", "last_modified": 1709780223348}