{"schema": 1702979285043, "derHash": "rg/IUigPG4fO2vc8+4TPEG7+yI6ClCU681LtQDRGDXs=", "subject": "CN=WR5,O=Google Trust Services,C=US", "subjectDN": "MDsxCzAJBgNVBAYTAlVTMR4wHAYDVQQKExVHb29nbGUgVHJ1c3QgU2VydmljZXMxDDAKBgNVBAMTA1dSNQ==", "whitelist": false, "attachment": {"hash": "a06befc3d96cade86bed7e7b22a0bf465be67e57d58c636c2c27eb41b08c2350", "size": 1808, "filename": "_RoweMyX8j8_fAaaeAIwzhWXigZDrh_J2BBJaHrjX90=.pem", "location": "security-state-staging/intermediates/f6b4c8a8-e26f-42cd-8cfd-622456e2cfb9.pem", "mimetype": "application/x-pem-file"}, "pubKeyHash": "/RoweMyX8j8/fAaaeAIwzhWXigZDrh/J2BBJaHrjX90=", "crlite_enrolled": false, "id": "e8fb1277-f72f-4751-a48a-c0fd93c45a08", "last_modified": 1702979823401}