{"schema": 1713563343607, "derHash": "nG2hQcs5TOa5caI/mIZH/0RC55jwcYdxtUhaDMdAIzU=", "subject": "CN=JoySSL DV Secure Server CA,O=JoySSL Limited,C=CN", "subjectDN": "MEsxCzAJBgNVBAYTAkNOMRcwFQYDVQQKEw5Kb3lTU0wgTGltaXRlZDEjMCEGA1UEAxMaSm95U1NMIERWIFNlY3VyZSBTZXJ2ZXIgQ0E=", "whitelist": false, "attachment": {"hash": "84496c854fb2d8cad229bb75a8de9839a986a3d51d9eee944b88ecafbd3a0a65", "size": 2182, "filename": "pZFHI421hRWO43yx8HCJLhSo4mOjwrjbFnCGBEN0LvE=.pem", "location": "security-state-staging/intermediates/6820726c-20e4-481b-98f5-6b13b1ae6d14.pem", "mimetype": "application/x-pem-file"}, "pubKeyHash": "pZFHI421hRWO43yx8HCJLhSo4mOjwrjbFnCGBEN0LvE=", "crlite_enrolled": false, "id": "f391ba6d-e041-48c5-a43c-d5af91121cc5", "last_modified": 1713563823121}