{"schema": 1712310549735, "derHash": "nCgDadBy+J2cm2JkC78vKNLzDs7pdZhUAx1cXFPo0bY=", "subject": "CN=JPRS OV ECC CA 2024 G1,O=Japan Registry Services Co.\\, Ltd.,C=JP", "subjectDN": "MFoxCzAJBgNVBAYTAkpQMSowKAYDVQQKEyFKYXBhbiBSZWdpc3RyeSBTZXJ2aWNlcyBDby4sIEx0ZC4xHzAdBgNVBAMTFkpQUlMgT1YgRUNDIENBIDIwMjQgRzE=", "whitelist": false, "attachment": {"hash": "8f21756b90356734138db1717baa7cd355f39bc01d0bbefcd782b6a73bb40267", "size": 1284, "filename": "v_cVY7f6bXpCh2OYwK6wmEE9ZIaufUJmoSlpxWvjBDI=.pem", "location": "security-state-staging/intermediates/5d677b3c-4524-4ee7-a2b9-388e7d90dc2c.pem", "mimetype": "application/x-pem-file"}, "pubKeyHash": "v/cVY7f6bXpCh2OYwK6wmEE9ZIaufUJmoSlpxWvjBDI=", "crlite_enrolled": false, "id": "f9ed868e-cbce-49b9-85ff-1b7d8f9771e7", "last_modified": 1712311023718}