{"schema": 1713563345018, "derHash": "IZxZzNBtAhCtz26BJXANFXj2mgZwoH/Z3emeSsglJM0=", "subject": "CN=ZoTrus RSA OV SSL CA,O=ZoTrus Technology Limited,C=CN", "subjectDN": "MFAxCzAJBgNVBAYTAkNOMSIwIAYDVQQKExlab1RydXMgVGVjaG5vbG9neSBMaW1pdGVkMR0wGwYDVQQDExRab1RydXMgUlNBIE9WIFNTTCBDQQ==", "whitelist": false, "attachment": {"hash": "df459901a281cbe7636484586532b6b0f97f8624ad80259948b32e8b32f57d01", "size": 2186, "filename": "CpOFwp9u6sYpBiZdnXJcuX-x4w2iZ0y98RsCFJ4JVec=.pem", "location": "security-state-staging/intermediates/9ff98225-689c-485f-892a-a572d7c6fc58.pem", "mimetype": "application/x-pem-file"}, "pubKeyHash": "CpOFwp9u6sYpBiZdnXJcuX+x4w2iZ0y98RsCFJ4JVec=", "crlite_enrolled": false, "id": "fa3842ac-f284-467d-b036-0e5b4c88ca50", "last_modified": 1713563823131}